id,fullname,phone,email,identify
d170a0f5ddab11eb829b9828a6410061,"Josefa Liger",2994471663,jliger0@fastcompany.com,486765205
d171eb9eddab11eb829b9828a6410061,"Roxi Eccott",3222768124,reccott1@ycombinator.com,689118559
d172cde4ddab11eb829b9828a6410061,"Heall Souttar",4003671452,hsouttar2@digg.com,176597415
d173937addab11eb829b9828a6410061,"Barny Kirsch",8528219570,bkirsch3@globo.com,721409452
d1744c1bddab11eb829b9828a6410061,"Bone Van Hesteren",7515961341,bvan4@dedecms.com,760765283
d174f06bddab11eb829b9828a6410061,"Jodie Mallaby",1166183124,jmallaby5@abc.net.au,386164145
d175fa79ddab11eb829b9828a6410061,"Zeb Speechley",5181270798,zspeechley6@senate.gov,129114847
d176b46eddab11eb829b9828a6410061,"Kandace McGraffin",1589115810,kmcgraffin7@booking.com,123396643
d1779299ddab11eb829b9828a6410061,"Jonie Mallord",6299215021,jmallord8@goodreads.com,504103805
d1784950ddab11eb829b9828a6410061,"Blaire Tadlow",1289712133,btadlow9@unblog.fr,328978420
d178e908ddab11eb829b9828a6410061,"Bobby Gadson",9419993830,bgadsona@godaddy.com,684085282
d17996a7ddab11eb829b9828a6410061,"Homere Habbergham",7932643977,hhabberghamb@google.ru,392706194
d17a77d5ddab11eb829b9828a6410061,"Francine Wetherell",1272428230,fwetherellc@acquirethisname.com,543172047
d17b242addab11eb829b9828a6410061,"Napoleon Bakhrushin",9583890256,nbakhrushind@chron.com,707036061
d17bc8a3ddab11eb829b9828a6410061,"Tamas King",6293176004,tkinge@squidoo.com,356639812
d17c76a0ddab11eb829b9828a6410061,"Arleyne Treherne",1131167194,atrehernef@tamu.edu,583961736
d17d3284ddab11eb829b9828a6410061,"Costanza MacBain",6054589992,cmacbaing@rakuten.co.jp,820509736
d17dd559ddab11eb829b9828a6410061,"Merrily Paddefield",5785321173,mpaddefieldh@networkadvertising.org,665660180
d17e6816ddab11eb829b9828a6410061,"Katerina Feldon",5106963438,kfeldoni@disqus.com,625932305
d17efcf9ddab11eb829b9828a6410061,"Paddie Basnall",4325778774,pbasnallj@umn.edu,649945666
d17fa8beddab11eb829b9828a6410061,"Alysia Batts",9836142071,abattsk@deviantart.com,897983432
d1808096ddab11eb829b9828a6410061,"Leonardo Gajownik",1356269559,lgajownikl@unicef.org,210849850
d1812c42ddab11eb829b9828a6410061,"Jenelle Pitson",6412629235,jpitsonm@vistaprint.com,468793060
d181d6d0ddab11eb829b9828a6410061,"Ofella Duinkerk",1055880957,oduinkerkn@google.com,193199491
d1828197ddab11eb829b9828a6410061,"Evy Braxay",5423744708,ebraxayo@gmpg.org,926610763
d18339fcddab11eb829b9828a6410061,"Drucill Brissenden",6068213149,dbrissendenp@wordpress.org,631315715
d183d87addab11eb829b9828a6410061,"Barrie Marconi",3051318340,bmarconiq@jigsy.com,864449916
d18468b3ddab11eb829b9828a6410061,"Alejandro Lantaph",5339817192,alantaphr@scientificamerican.com,866089587
d184f97eddab11eb829b9828a6410061,"Bendite Newvell",5743402786,bnewvells@cnet.com,784006664
d185e28bddab11eb829b9828a6410061,"Calida Vreiberg",8282249291,cvreibergt@mediafire.com,326942197
d1869ce0ddab11eb829b9828a6410061,"Uriah Bolesma",3505646281,ubolesmau@gravatar.com,682099443
d1874205ddab11eb829b9828a6410061,"Goldi Iacomi",1487201967,giacomiv@dropbox.com,401153666
d1881268ddab11eb829b9828a6410061,"Torrin Burgoyne",3893367398,tburgoynew@51.la,441708637
d188a71eddab11eb829b9828a6410061,"Freida Filip",1067851561,ffilipx@discovery.com,491965769
d189337eddab11eb829b9828a6410061,"Phoebe Blastock",7148860742,pblastocky@amazon.com,585090184
d189d16dddab11eb829b9828a6410061,"Dani Chilcotte",1392874572,dchilcottez@wired.com,785579155
d18a8135ddab11eb829b9828a6410061,"Cindelyn Cuttings",3238938117,ccuttings10@usda.gov,473254149
d18b52c2ddab11eb829b9828a6410061,"Brandtr Oloshin",7017264567,boloshin11@symantec.com,693266486
d18c0193ddab11eb829b9828a6410061,"Marylee Jessard",7752232781,mjessard12@jugem.jp,475834557
d18cbf77ddab11eb829b9828a6410061,"Casey Ewols",6361276527,cewols13@jigsy.com,785666975
d18d789cddab11eb829b9828a6410061,"Kayley Bett",9167567168,kbett14@wisc.edu,643335154
d18e09b2ddab11eb829b9828a6410061,"Miof mela Klauer",8758592563,mmela15@ustream.tv,989273108
d18e986cddab11eb829b9828a6410061,"Shelbi Thundercliffe",8146471833,sthundercliffe16@skyrock.com,483286125
d18f33f7ddab11eb829b9828a6410061,"Georgette Brabham",8432873075,gbrabham17@liveinternet.ru,427532793
d18fc390ddab11eb829b9828a6410061,"Christy Gethin",5889693015,cgethin18@seattletimes.com,805573088
d1907e31ddab11eb829b9828a6410061,"Staci Spray",2413612315,sspray19@behance.net,170316288
d1911449ddab11eb829b9828a6410061,"Ricky Rosberg",6418409519,rrosberg1a@ameblo.jp,290760013
d191b61cddab11eb829b9828a6410061,"Georgena Wadlow",4743862074,gwadlow1b@merriam-webster.com,588401627
d1924f0dddab11eb829b9828a6410061,"Michael Camelli",5364735564,mcamelli1c@globo.com,829127308
d192da45ddab11eb829b9828a6410061,"Frasquito Priscott",1854016601,fpriscott1d@vimeo.com,308349787
