id,fullname,postnumber,email,phone,identify,address,is_manager
60d6ece7fc13ae0d14000230,Lilly Orman,1,lorman0@weather.com,7833477757,3547392156464336,817 Myrtle Center,false
60d6ece7fc13ae0d14000231,Clari Gontier,2,cgontier1@google.com.hk,8519018685,337941068219186,88 Melvin Way,true
60d6ece7fc13ae0d14000232,Elton McKyrrelly,3,emckyrrelly2@hhs.gov,7721125571,56022382829990181,11542 Buhler Avenue,true
60d6ece7fc13ae0d14000233,Matthiew Soame,4,msoame3@noaa.gov,9163202220,5591200330592825,54465 Brentwood Parkway,true
60d6ece7fc13ae0d14000234,Johan Fantin,5,jfantin4@w3.org,4224105607,3536572944348726,3 Oriole Trail,false
60d6ece7fc13ae0d14000235,Clara Lorie,6,clorie5@tripod.com,2703132098,30209996536281,09227 Comanche Center,false
60d6ece7fc13ae0d14000236,Aurthur Traut,7,atraut6@hp.com,6594289058,3533996892668137,01 8th Drive,false
60d6ece7fc13ae0d14000237,Lorene Whyke,8,lwhyke7@gizmodo.com,2417957853,5108751392892269,1 Jenifer Junction,true
60d6ece7fc13ae0d14000238,Rupert Bande,9,rbande8@ovh.net,8035493775,56022490212166283,35 Ohio Road,true
60d6ece7fc13ae0d14000239,Luise Yell,10,lyell9@marriott.com,8296292125,58937914618060006,02560 Sunnyside Road,true
60d6ece7fc13ae0d1400023a,Erl Kunkler,11,ekunklera@ow.ly,7082684595,36373916926081,962 Dixon Parkway,true
60d6ece7fc13ae0d1400023b,Ivonne McCaig,12,imccaigb@ed.gov,2585143351,3588218773338274,871 Declaration Park,true
60d6ece7fc13ae0d1400023c,Avery Hallatt,13,ahallattc@whitehouse.gov,6775379931,30099587299831,46 Melvin Road,true
60d6ece7fc13ae0d1400023d,Nalani Lorkins,14,nlorkinsd@kickstarter.com,9258749597,5610332767813379,5881 Steensland Park,false
60d6ece7fc13ae0d1400023e,Kimbell Otteridge,15,kotteridgee@dailymail.co.uk,6417818722,5002353982169005,3 Brickson Park Pass,false
60d6ece7fc13ae0d1400023f,Romeo Ranaghan,16,rranaghanf@opensource.org,3257960663,5020628382602245927,87 Macpherson Way,false
60d6ece7fc13ae0d14000240,Keith Slatford,17,kslatfordg@ameblo.jp,5702369198,5100133062079329,1354 Lakewood Gardens Hill,false
60d6ece7fc13ae0d14000241,Paola Vautier,18,pvautierh@elegantthemes.com,5669355715,6387279970173084,158 Heffernan Way,false
60d6ece7fc13ae0d14000242,Lotty Boyne,19,lboynei@stumbleupon.com,4706343099,4905419132221972864,4 Lien Way,true
60d6ece7fc13ae0d14000243,Waldon Reinhard,20,wreinhardj@unc.edu,5618259306,3562872609742925,349 Upham Alley,true
60d6ece7fc13ae0d14000244,Jemmie Goldhawk,21,jgoldhawkk@miitbeian.gov.cn,5286059419,5100130732658383,759 Kensington Trail,false
60d6ece7fc13ae0d14000245,Gerri Lidden,22,gliddenl@loc.gov,8155061633,3529678962764451,74 Lawn Road,false
60d6ece7fc13ae0d14000246,Sayre Obey,23,sobeym@ocn.ne.jp,5996285791,374283556079101,2 Scott Plaza,false
60d6ece7fc13ae0d14000247,Sigismondo Birkett,24,sbirkettn@chron.com,6138264369,5602259282434243,275 Bonner Road,false
60d6ece7fc13ae0d14000248,Colene Livingstone,25,clivingstoneo@telegraph.co.uk,2833551490,342062759005249,1844 Burning Wood Center,false
60d6ece7fc13ae0d14000249,Odella Jancik,26,ojancikp@hp.com,5263827432,3555162545623077,0562 Jackson Crossing,true
60d6ece7fc13ae0d1400024a,Clemence McGerr,27,cmcgerrq@typepad.com,4424879508,560224671936916429,54353 Homewood Junction,false
60d6ece7fc13ae0d1400024b,Bonnee Nawton,28,bnawtonr@nydailynews.com,8733852169,3586846356814089,3 Jana Road,false
60d6ece7fc13ae0d1400024c,Zorina Sueter,29,zsueters@stumbleupon.com,1936435980,374283264420050,39160 Monument Street,true
60d6ece7fc13ae0d1400024d,Jackson Brown,30,jbrownt@buzzfeed.com,1213059199,3538313027727975,1 High Crossing Center,false
60d6ece7fc13ae0d1400024e,Raff Brewitt,31,rbrewittu@yolasite.com,9573197075,3558636830708146,2 Ridgeview Park,false
60d6ece7fc13ae0d1400024f,Mary Andren,32,mandrenv@google.pl,2994511139,5304636733583309,53719 Morning Hill,true
60d6ece7fc13ae0d14000250,Waverley Louys,33,wlouysw@eventbrite.com,9858294286,3530620460527060,3441 Straubel Way,false
60d6ece7fc13ae0d14000251,Clem Betz,34,cbetzx@purevolume.com,2926791650,3564939140197014,97694 Holy Cross Hill,false
60d6ece7fc13ae0d14000252,Demetria Scouse,35,dscousey@gizmodo.com,4505403696,5010121233915140,991 Luster Circle,true
60d6ece7fc13ae0d14000253,Dana Hearmon,36,dhearmonz@theglobeandmail.com,7914438707,3530044334342939,78179 Sutherland Hill,false
60d6ece7fc13ae0d14000254,Staffard Jedrzejczak,37,sjedrzejczak10@infoseek.co.jp,5039515147,3589115856298947,0 Spaight Parkway,false
60d6ece7fc13ae0d14000255,Angel Kimble,38,akimble11@spiegel.de,5099770357,5602248043668637,075 Muir Trail,false
60d6ece7fc13ae0d14000256,Marianne Ravens,39,mravens12@dailymail.co.uk,4881553860,3530596347895070,4457 2nd Plaza,true
60d6ece7fc13ae0d14000257,Shell Persehouse,40,spersehouse13@pbs.org,5752109902,3565574043549935,55 Caliangt Pass,true
60d6ece7fc13ae0d14000258,Arte Goose,41,agoose14@blog.com,6086750751,6761006612224777,5970 Novick Trail,false
60d6ece7fc13ae0d14000259,Cathrin Collins,42,ccollins15@prnewswire.com,9697562826,3569686324632465,092 Dorton Crossing,true
60d6ece7fc13ae0d1400025a,Angel De Hooge,43,ade16@engadget.com,8294129266,3532084340689632,28 Johnson Drive,false
60d6ece7fc13ae0d1400025b,Aubrey Hartman,44,ahartman17@nationalgeographic.com,3096257836,3570004847643711,86872 Kennedy Pass,true
60d6ece7fc13ae0d1400025c,Abelard Kingzeth,45,akingzeth18@timesonline.co.uk,6169311726,3571098360848540,0032 Northridge Parkway,true
60d6ece7fc13ae0d1400025d,Cilka Roullier,46,croullier19@diigo.com,2631318612,5602216701016514,75243 Merchant Plaza,true
60d6ece7fc13ae0d1400025e,Dani Davenall,47,ddavenall1a@imdb.com,7744442187,374288218223948,317 Division Avenue,false
60d6ece7fc13ae0d1400025f,Fay Elcome,48,felcome1b@disqus.com,7387321500,3535856259186412,88999 Hintze Junction,false
60d6ece7fc13ae0d14000260,Ben Cromley,49,bcromley1c@indiegogo.com,1319110742,3537009070289902,8 Ohio Trail,true
60d6ece7fc13ae0d14000261,Moll Rajchert,50,mrajchert1d@weather.com,3327037549,3557839888453455,17 Victoria Way,true
60d6ece7fc13ae0d14000262,Nona Ilett,51,nilett1e@furl.net,7873368840,5602233425433701,1540 Hudson Pass,true
60d6ece7fc13ae0d14000263,Christoph Rehme,52,crehme1f@google.de,6111991772,6334728032705626,7 Nelson Parkway,true
60d6ece7fc13ae0d14000264,Kenon Futter,53,kfutter1g@furl.net,7789967352,4041597935475259,534 Thompson Point,true
60d6ece7fc13ae0d14000265,Taddeo Matley,54,tmatley1h@wp.com,3171599221,3537584989632988,3232 Melody Avenue,true
60d6ece7fc13ae0d14000266,Sherlock Lebang,55,slebang1i@mozilla.com,7219575540,6378522429798154,6 Nobel Terrace,true
60d6ece7fc13ae0d14000267,Nonna Bothams,56,nbothams1j@devhub.com,7045213920,4041376105936071,6 Eliot Street,true
60d6ece7fc13ae0d14000268,Omero Farrears,57,ofarrears1k@wikia.com,1534727855,3549997736834846,20572 High Crossing Plaza,true
60d6ece7fc13ae0d14000269,Marcelline Agglione,58,magglione1l@globo.com,1393396764,3585171690780172,000 4th Way,false
60d6ece7fc13ae0d1400026a,Berke Petrou,59,bpetrou1m@qq.com,4006449805,346202953623878,4 Jackson Center,true
60d6ece7fc13ae0d1400026b,Patrice Leitch,60,pleitch1n@washingtonpost.com,6516270598,3530055435104200,9938 La Follette Place,false
60d6ece7fc13ae0d1400026c,Inesita Lepper,61,ilepper1o@delicious.com,2484438795,4917156675888089,81 Portage Lane,false
60d6ece7fc13ae0d1400026d,Elise Shear,62,eshear1p@omniture.com,8068563079,3561814871491873,55 Atwood Hill,false
60d6ece7fc13ae0d1400026e,Laughton Elward,63,lelward1q@google.com,9518044319,5108754648746339,8 Warrior Way,true
60d6ece7fc13ae0d1400026f,Korney Sprowles,64,ksprowles1r@ftc.gov,5717665126,3547564774276389,3930 Graceland Circle,true
60d6ece7fc13ae0d14000270,Hubie Speaks,65,hspeaks1s@unicef.org,3311649488,3577063086471542,9410 Cottonwood Road,false
60d6ece7fc13ae0d14000271,Farand Poxson,66,fpoxson1t@army.mil,7342746544,3584261646038790,799 Gateway Plaza,false
60d6ece7fc13ae0d14000272,Sisile Ramiro,67,sramiro1u@ox.ac.uk,8125301337,67621655867104993,2 Dorton Lane,false
60d6ece7fc13ae0d14000273,Dael Sallinger,68,dsallinger1v@indiegogo.com,9516528176,3566531913361345,6155 Acker Center,false
60d6ece7fc13ae0d14000274,Helaine Verrills,69,hverrills1w@usnews.com,5973009857,3550841689464498,9827 Mallory Point,false
60d6ece7fc13ae0d14000275,Coreen Petrak,70,cpetrak1x@storify.com,1129003900,5100144162725349,1 Daystar Street,true
60d6ece7fc13ae0d14000276,Marielle Rodwell,71,mrodwell1y@tmall.com,9576297678,6709542253254090,20 Corry Alley,false
60d6ece7fc13ae0d14000277,Celesta Kilbride,72,ckilbride1z@kickstarter.com,8793522501,676222866756624386,728 Mockingbird Crossing,false
60d6ece7fc13ae0d14000278,Deanne Mitchenson,73,dmitchenson20@opera.com,2495002240,50205692307591737,062 Meadow Ridge Road,false
60d6ece7fc13ae0d14000279,Helaina Shales,74,hshales21@earthlink.net,8868310668,6759450108304822,4155 Summit Hill,false
60d6ece7fc13ae0d1400027a,Cory Knapton,75,cknapton22@amazon.de,1414549073,6762368123047915017,31 Moland Drive,false
60d6ece7fc13ae0d1400027b,Deanna Chetham,76,dchetham23@wix.com,4383758819,3578394507786336,1 Heath Terrace,false
60d6ece7fc13ae0d1400027c,Andonis O'Toole,77,aotoole24@wunderground.com,9291425433,4917810072708338,6412 Shopko Trail,false
60d6ece7fc13ae0d1400027d,Molli Klassman,78,mklassman25@blogtalkradio.com,2014983136,3540236220870944,7 Vera Drive,false
60d6ece7fc13ae0d1400027e,Rochette Whellams,79,rwhellams26@shinystat.com,9942632461,3550580586759200,964 Clove Circle,false
60d6ece7fc13ae0d1400027f,Cherice Vallance,80,cvallance27@example.com,4975516220,3585683399152131,4626 Gateway Road,false
60d6ece7fc13ae0d14000280,Andee Kyberd,81,akyberd28@dmoz.org,1451830128,5539788286614473,8 Stoughton Lane,true
60d6ece7fc13ae0d14000281,Glyn Ricci,82,gricci29@adobe.com,5781657435,3571559532354667,6696 Warbler Plaza,false
60d6ece7fc13ae0d14000282,Kris Cassells,83,kcassells2a@indiatimes.com,2153749435,670625361032055528,89 Nelson Park,true
60d6ece7fc13ae0d14000283,Dominga Seeney,84,dseeney2b@trellian.com,3398383952,5567926592519292,62 Lighthouse Bay Crossing,true
60d6ece7fc13ae0d14000284,Noelle Balsillie,85,nbalsillie2c@twitter.com,1167577176,3557289063721633,77 Granby Junction,true
60d6ece7fc13ae0d14000285,Ceciley Huffer,86,chuffer2d@forbes.com,7839457784,5602233345036592,701 Center Parkway,false
60d6ece7fc13ae0d14000286,Hector Lequeux,87,hlequeux2e@marriott.com,2342853991,3546178255614983,19258 Comanche Point,false
60d6ece7fc13ae0d14000287,Maurise Simonot,88,msimonot2f@patch.com,1932109443,3528157987738163,4702 Burrows Lane,true
60d6ece7fc13ae0d14000288,Vernice Heynen,89,vheynen2g@tripod.com,5053394985,633402441589644432,8587 Lindbergh Drive,true
60d6ece7fc13ae0d14000289,Alla Janout,90,ajanout2h@i2i.jp,4587145195,201429893666899,77 Grasskamp Park,true
60d6ece7fc13ae0d1400028a,Barrie Jzak,91,bjzak2i@zdnet.com,5238482275,3574058125391894,9333 Northridge Park,false
60d6ece7fc13ae0d1400028b,Charity Baily,92,cbaily2j@addtoany.com,5143487522,3546865508445039,199 Crest Line Place,false
60d6ece7fc13ae0d1400028c,Lorena Chooter,93,lchooter2k@php.net,1665659700,5602257279202539324,63 Fulton Hill,false
60d6ece7fc13ae0d1400028d,Gualterio Cummine,94,gcummine2l@aol.com,3119434499,4913775078639676,8 Anthes Trail,true
60d6ece7fc13ae0d1400028e,Lissy Swyne,95,lswyne2m@eventbrite.com,9179193487,3560776444149851,9436 Maywood Parkway,true
60d6ece7fc13ae0d1400028f,Doyle McGeouch,96,dmcgeouch2n@nyu.edu,6243386322,3554483539002446,50896 Esch Trail,false
60d6ece7fc13ae0d14000290,Bettine Loody,97,bloody2o@networksolutions.com,9884454534,3567821354816488,418 Sherman Hill,true
60d6ece7fc13ae0d14000291,Beryle Santry,98,bsantry2p@shutterfly.com,7889311863,490576016977337529,6475 Dawn Parkway,false
60d6ece7fc13ae0d14000292,Dun Commusso,99,dcommusso2q@vinaora.com,5623788350,3540141786112212,735 Mockingbird Plaza,false
60d6ece7fc13ae0d14000293,Daniel Mitchener,100,dmitchener2r@spiegel.de,9852882978,5408017908453484,6216 Dunning Circle,false
